label,tweet
1,This product is amazing!
1,I love this!
1,Fantastic experience overall.
1,It works great and looks good.
1,Definitely worth the money.
1,I'm very satisfied.
1,"Great job, well done!"
1,I will buy this again.
1,Very happy with the service.
1,Top quality and performance.
1,It exceeded my expectations.
1,Everything was perfect.
1,Superb customer support.
1,Love the design and function.
1,Absolutely fantastic!
1,Highly recommend it.
1,Quick delivery and awesome.
1,This is exactly what I needed.
1,Perfect for daily use.
1,Affordable and high quality.
1,My favorite item so far!
1,It made my day!
1,I can't stop using this.
1,Amazing quality and feel.
1,It looks and works great.
1,Totally satisfied.
1,Just what I was looking for.
1,Excellent all around.
1,Great performance for the price.
1,Very useful and reliable.
1,Perfect purchase.
1,"So far, so good!"
1,No issues at all.
1,Everything as expected.
1,It’s working flawlessly.
1,Would buy again without hesitation.
1,Love it more than I thought.
1,Super helpful product.
1,Five stars!
1,The packaging was great too.
1,I was pleasantly surprised.
1,Exactly like the description.
1,Couldn’t be happier.
1,The best I’ve used!
1,It’s my go-to now.
1,This really helps me out.
1,Great experience from start to finish.
1,Very intuitive and simple.
1,Thank you for making this!
1,Bravo! Excellent product.
1,Everything just clicked!
1,Beautiful design and smooth experience.
1,This is absolutely beautiful.
1,Very impressed with the quality.
1,I’m so happy with this purchase.
1,Exactly what I hoped for.
1,The best product I’ve ever used.
1,Great attention to detail.
1,Works perfectly and looks great.
1,Beautifully made and packaged.
1,Incredible results!
1,Fast and efficient.
1,I love everything about it.
1,This item exceeded my hopes.
1,Brilliant design and usability.
1,One of the best I’ve owned.
1,Flawless operation so far.
1,Great value for the price.
1,Stunning performance.
1,Simply amazing!
1,I’d give it more stars if I could.
1,Works like a charm.
1,Very sleek and beautiful.
1,Super easy to use.
1,The performance is beautiful.
1,It’s better than expected.
1,Beautiful craftsmanship.
1,Everything works just right.
1,It’s a joy to use.
1,Couldn’t be more pleased.
1,Absolutely love it.
1,My new favorite thing.
1,Feels high-end and luxurious.
1,Setup was simple and fast.
1,Stylish and functional.
1,You nailed it!
1,Great features for the cost.
1,A wonderful experience overall.
1,Looks and feels premium.
1,Super fast delivery and awesome product.
1,Beautiful product in every way.
1,Perfection in one package.
1,The design is modern and beautiful.
1,Nothing to complain about!
1,Solid build and great results.
1,It impressed me a lot.
1,Everything is smooth and fast.
1,I’m in love with this!
1,Such a beautiful item.
1,Definitely recommended!
1,My best purchase this year.
1,how cute.

0,I hate this product.
0,Very disappointing.
0,It stopped working after a day.
0,Total waste of money.
0,I’m really upset.
0,Not worth the price.
0,I regret buying this.
0,Completely useless.
0,Poor design and function.
0,Absolutely terrible.
0,It broke quickly.
0,The worst experience ever.
0,I had a horrible time.
0,Customer support was awful.
0,Wouldn’t recommend to anyone.
0,It doesn’t work as advertised.
0,Extremely low quality.
0,I’m returning this immediately.
0,Feels cheap and unreliable.
0,Looks good but performs badly.
0,I should’ve known better.
0,Stay away from this!
0,So frustrating to use.
0,Made everything worse.
0,Not what I expected.
0,Very slow and buggy.
0,Caused more problems than it solved.
0,Didn’t work for me at all.
0,Disappointing experience.
0,Totally broken.
0,No value for money.
0,Unusable.
0,Too complicated.
0,Horrible interface.
0,It made me angry.
0,I lost my money.
0,Wasn’t worth the wait.
0,No instructions included.
0,Returned it after one use.
0,Low performance.
0,Never buying again.
0,Everything was wrong with it.
0,Bad product from the start.
0,Felt like a scam.
0,Doesn’t do what it claims.
0,Really poor build.
0,Made me regret shopping online.
0,Overpriced trash.
0,Nothing good about it.
0,Worst product ever used.
0,Not even close to being good.
0,I’m extremely disappointed.
0,This is the worst thing I’ve bought.
0,Doesn’t meet expectations.
0,Not as described.
0,Broke on first use.
0,Support was non-existent.
0,Totally misleading.
0,It’s a scam.
0,Nothing worked properly.
0,Low quality packaging.
0,Feels very cheap.
0,Didn’t do anything useful.
0,It made things worse.
0,Don’t waste your time.
0,Unresponsive and laggy.
0,Can’t believe how bad this is.
0,Very ugly and outdated.
0,Looks cheap and acts worse.
0,I returned it the same day.
0,So many bugs and issues.
0,It’s not user-friendly at all.
0,Instructions are missing.
0,I wish I never ordered this.
0,Slow and unresponsive.
0,Build quality is horrible.
0,It’s falling apart already.
0,Stopped working in a week.
0,Made me so angry.
0,Waste of my hard-earned money.
0,No improvements noticed.
0,Everything is wrong here.
0,Total junk.
0,Completely let me down.
0,It’s frustrating to deal with.
0,Wouldn’t buy again.
0,Awful customer experience.
0,So much regret.
0,Garbage product.
0,Doesn’t deserve one star.
0,What a letdown!
0,Even free would be too much.
0,Broken right out of the box.
0,It failed all my expectations.
0,Cheap parts and bad design.
0,Not functional at all.
0,Terrible value for money.
0,No one should buy this.
0,Faulty from the beginning.
0,I threw it away.
0,So disappointed in the quality.
0,"Looks nice, but that's it."